{"cameraMode":{"drawMode":0,"name":"Shaded","section":"Shading Mode"},"sceneLighting":true,"audioPlay":false,"sceneViewState":{"showFog":true,"showMaterialUpdate":false,"showSkybox":true,"showFlares":true,"showImageEffects":true,"showParticleSystems":true},"in2DMode":false,"pivot":{"x":6.971619606018066,"y":-7.561103820800781,"z":-0.18484273552894593},"rotation":{"x":-0.11835602670907974,"y":0.05418745055794716,"z":-0.006472919601947069,"w":-0.9914894700050354},"size":2.4838509559631349,"orthographic":false}