{"cameraMode":{"drawMode":0,"name":"Shaded","section":"Shading Mode"},"sceneLighting":true,"audioPlay":false,"sceneViewState":{"showFog":true,"showMaterialUpdate":false,"showSkybox":true,"showFlares":true,"showImageEffects":true,"showParticleSystems":true},"in2DMode":false,"pivot":{"x":4.889724254608154,"y":4.06916618347168,"z":-9.589863777160645},"rotation":{"x":-0.01922108605504036,"y":-0.03657713904976845,"z":-0.0006970365066081286,"w":0.9991610050201416},"size":16.111671447753908,"orthographic":false}