{"cameraMode":{"drawMode":0,"name":"Shaded","section":"Shading Mode"},"sceneLighting":true,"audioPlay":false,"sceneViewState":{"showFog":true,"showMaterialUpdate":false,"showSkybox":true,"showFlares":true,"showImageEffects":true,"showParticleSystems":true},"in2DMode":false,"pivot":{"x":0.7290400266647339,"y":3.4267780780792238,"z":3.921781539916992},"rotation":{"x":-0.009310076013207436,"y":0.0035970471799373628,"z":-0.00003362385177752003,"w":-0.9999551773071289},"size":9.119873046875,"orthographic":false}