{"cameraMode":{"drawMode":0,"name":"Shaded","section":"Shading Mode"},"sceneLighting":true,"audioPlay":false,"sceneViewState":{"showFog":true,"showMaterialUpdate":false,"showSkybox":true,"showFlares":true,"showImageEffects":true,"showParticleSystems":true},"in2DMode":false,"pivot":{"x":4.301497936248779,"y":1.1205298900604249,"z":14.707279205322266},"rotation":{"x":-0.024244381114840509,"y":0.07251836359500885,"z":-0.0017637074925005437,"w":-0.9971006512641907},"size":22.253942489624025,"orthographic":false}